净值日期,单位净值,日增长率
2012-12-18,1.0,0.0
2012-12-21,1.0,0.0
2012-12-24,1.0,0.0
2012-12-25,1.003,0.3
2012-12-26,1.004,0.0997
2012-12-27,1.003,-0.0996
2012-12-28,1.006,0.2991
2012-12-31,1.013,0.6958
2013-01-04,1.016,0.2962
2013-01-11,1.011,-0.4921
2013-01-18,1.023,1.1869
2013-01-25,1.018,-0.4888
2013-01-31,1.04,2.1611
2013-02-01,1.057,1.6346
2013-02-04,1.06,0.2838
2013-02-05,1.058,-0.1887
2013-02-06,1.067,0.8507
2013-02-07,1.062,-0.4686
2013-02-08,1.075,1.2241
2013-02-18,1.068,-0.6512
2013-02-19,1.045,-2.1536
2013-02-20,1.056,1.0526
2013-02-21,1.027,-2.7462
2013-02-22,1.017,-0.9737
2013-02-25,1.029,1.1799
2013-02-26,1.01,-1.8465
2013-02-27,1.013,0.297
2013-02-28,1.042,2.8628
2013-03-01,1.04,-0.1919
2013-03-04,0.99,-4.8077
2013-03-05,1.026,3.6364
2013-03-06,1.047,2.0468
2013-03-07,1.038,-0.8596
2013-03-08,1.032,-0.578
2013-03-11,1.02,-1.1628
2013-03-12,1.002,-1.7647
2013-03-13,0.988,-1.3972
2013-03-14,0.996,0.8097
2013-03-15,1.008,1.2048
2013-03-18,1.0,-0.7937
2013-03-19,1.01,1.0
2013-03-20,1.04,2.9703
2013-03-21,1.045,0.4808
2013-03-22,1.056,1.0526
2013-03-25,1.049,-0.6629
2013-03-26,1.046,-0.286
2013-03-27,1.047,0.0956
2013-03-28,1.019,-2.6743
2013-03-29,1.019,0.0
2013-04-01,1.012,-0.6869
2013-04-02,0.994,-1.7787
2013-04-03,0.989,-0.503
2013-04-08,0.992,0.3033
2013-04-09,1.006,1.4113
2013-04-10,1.004,-0.1988
2013-04-11,0.989,-1.494
2013-04-12,0.99,0.1011
2013-04-15,0.971,-1.9192
2013-04-16,0.981,1.0299
2013-04-17,0.979,-0.2039
2013-04-18,0.985,0.6129
2013-04-19,1.007,2.2335
2013-04-22,0.995,-1.1917
2013-04-23,0.968,-2.7136
2013-04-24,0.984,1.6529
2013-04-25,0.972,-1.2195
2013-04-26,0.958,-1.4403
2013-05-02,0.959,0.1044
2013-05-03,0.97,1.147
2013-05-06,0.978,0.8247
2013-05-07,0.976,-0.2045
2013-05-08,0.989,1.332
2013-05-09,0.984,-0.5056
2013-05-10,0.986,0.2033
2013-05-13,0.985,-0.1014
2013-05-14,0.971,-1.4213
2013-05-15,0.977,0.6179
2013-05-16,0.99,1.3306
2013-05-17,1.006,1.6162
2013-05-20,1.022,1.5905
2013-05-21,1.023,0.0978
2013-05-22,1.016,-0.6843
2013-05-23,1.003,-1.2795
2013-05-24,1.016,1.2961
2013-05-27,1.029,1.2795
2013-05-28,1.041,1.1662
2013-05-29,1.047,0.5764
2013-05-30,1.047,0.0
2013-05-31,1.035,-1.1461
2013-06-03,1.024,-1.0628
2013-06-04,1.011,-1.2695
2013-06-05,1.01,-0.0989
2013-06-06,0.994,-1.5842
2013-06-07,0.981,-1.3078
2013-06-13,0.961,-2.0387
2013-06-14,0.973,1.2487
2013-06-17,0.973,0.0
2013-06-18,0.968,-0.5139
2013-06-19,0.958,-1.0331
2013-06-20,0.929,-3.0271
2013-06-21,0.93,0.1076
2013-06-24,0.882,-5.1613
2013-06-25,0.882,0.0
2013-06-26,0.886,0.4535
2013-06-27,0.884,-0.2257
2013-06-28,0.89,0.6787
2013-06-30,0.89,0.0
2013-07-01,0.9,1.1236
2013-07-02,0.914,1.5556
2013-07-03,0.912,-0.2188
2013-07-04,0.914,0.2193
2013-07-05,0.91,-0.4376
2013-07-08,0.892,-1.978
2013-07-09,0.886,-0.6726
2013-07-10,0.903,1.9187
2013-07-11,0.936,3.6545
2013-07-12,0.921,-1.6026
2013-07-15,0.935,1.5201
2013-07-16,0.949,1.4973
2013-07-17,0.94,-0.9484
2013-07-18,0.938,-0.2128
2013-07-19,0.931,-0.7463
2013-07-22,0.948,1.826
2013-07-23,0.969,2.2152
2013-07-24,0.97,0.1032
2013-07-25,0.959,-1.134
2013-07-26,0.955,-0.4171
2013-07-29,0.934,-2.199
2013-07-30,0.93,-0.4283
2013-07-31,0.935,0.5376
2013-08-01,0.96,2.6738
2013-08-02,0.965,0.5208
2013-08-05,0.987,2.2798
2013-08-06,0.993,0.6079
2013-08-07,0.986,-0.7049
2013-08-08,0.985,-0.1014
2013-08-09,0.989,0.4061
2013-08-12,1.006,1.7189
2013-08-13,1.001,-0.497
2013-08-14,1.002,0.0999
2013-08-15,0.984,-1.7964
2013-08-16,0.972,-1.2195
2013-08-19,0.987,1.5432
2013-08-20,0.99,0.304
2013-08-21,0.986,-0.404
2013-08-22,0.989,0.3043
2013-08-23,0.981,-0.8089
2013-08-26,0.997,1.631
2013-08-27,0.997,0.0
2013-08-28,0.988,-0.9027
2013-08-29,0.984,-0.4049
2013-08-30,0.973,-1.1179
2013-09-02,0.979,0.6166
2013-09-03,0.999,2.0429
2013-09-04,0.995,-0.4004
2013-09-05,0.994,-0.1005
2013-09-06,0.999,0.503
2013-09-09,1.021,2.2022
2013-09-10,1.03,0.8815
2013-09-11,1.024,-0.5825
2013-09-12,1.044,1.9531
2013-09-13,1.052,0.7663
2013-09-16,1.052,0.0
2013-09-17,1.027,-2.3764
2013-09-18,1.023,-0.3895
2013-09-23,1.035,1.173
2013-09-24,1.03,-0.4831
2013-09-25,1.025,-0.4854
2013-09-26,1.005,-1.9512
2013-09-27,1.017,1.194
2013-09-30,1.024,0.6883
2013-10-08,1.034,0.9766
2013-10-09,1.038,0.3868
2013-10-10,1.024,-1.3487
2013-10-11,1.045,2.0508
2013-10-14,1.052,0.6699
2013-10-15,1.041,-1.0456
2013-10-16,1.016,-2.4015
2013-10-17,1.006,-0.9843
2013-10-18,1.006,0.0
2013-10-21,1.027,2.0875
2013-10-22,1.017,-0.9737
2013-10-23,1.003,-1.3766
2013-10-24,0.999,-0.3988
2013-10-25,0.979,-2.002
2013-10-28,0.972,-0.715
2013-10-29,0.975,0.3086
2013-10-30,0.989,1.4359
2013-10-31,0.974,-1.5167
2013-11-01,0.979,0.5133
2013-11-04,0.981,0.2043
2013-11-05,0.986,0.5097
2013-11-06,0.973,-1.3185
2013-11-07,0.964,-0.925
2013-11-08,0.958,-0.6224
2013-11-11,0.967,0.9395
2013-11-12,0.979,1.241
2013-11-13,0.957,-2.2472
2013-11-14,0.964,0.7315
2013-11-15,0.985,2.1784
2013-11-18,1.022,3.7563
2013-11-19,1.018,-0.3914
2013-11-20,1.023,0.4912
2013-11-21,1.02,-0.2933
2013-11-22,1.022,0.1961
2013-11-25,1.018,-0.3914
2013-11-26,1.018,0.0
2013-11-27,1.031,1.277
2013-11-28,1.045,1.3579
2013-11-29,1.051,0.5742
2013-12-02,1.036,-1.4272
2013-12-03,1.05,1.3514
2013-12-04,1.067,1.619
2013-12-05,1.063,-0.3749
2013-12-06,1.053,-0.9407
2013-12-09,1.057,0.3799
2013-12-10,1.065,0.7569
2013-12-11,1.051,-1.3146
2013-12-12,1.053,0.1903
2013-12-13,1.055,0.1899
2013-12-16,1.038,-1.6114
2013-12-17,1.034,-0.3854
2013-12-18,1.035,0.0967
2013-12-19,1.022,-1.256
2013-12-20,1.005,-1.6634
2013-12-23,1.009,0.398
2013-12-24,1.019,0.9911
2013-12-25,1.028,0.8832
2013-12-26,1.012,-1.5564
2013-12-27,1.037,2.4704
2013-12-30,1.035,-0.1929
2013-12-31,1.043,0.7729
2014-01-02,1.048,0.4794
2014-01-03,1.035,-1.2405
2014-01-06,1.015,-1.9324
2014-01-07,1.017,0.197
2014-01-08,1.024,0.6883
2014-01-09,1.009,-1.4648
2014-01-10,0.998,-1.0902
2014-01-13,0.991,-0.7014
2014-01-14,1.006,1.5136
2014-01-15,1.011,0.497
2014-01-16,1.009,-0.1978
2014-01-17,0.993,-1.5857
2014-01-20,0.992,-0.1007
2014-01-21,1.001,0.9073
2014-01-22,1.022,2.0979
2014-01-23,1.025,0.2935
2014-01-24,1.031,0.5854
2014-01-27,1.023,-0.7759
2014-01-28,1.026,0.2933
2014-01-29,1.034,0.7797
2014-01-30,1.023,-1.0638
2014-02-07,1.029,0.5865
2014-02-10,1.056,2.6239
2014-02-11,1.059,0.2841
2014-02-12,1.069,0.9443
2014-02-13,1.055,-1.3096
2014-02-14,1.067,1.1374
2014-02-17,1.08,1.2184
2014-02-18,1.069,-1.0185
2014-02-19,1.073,0.3742
2014-02-20,1.052,-1.9571
2014-02-21,1.046,-0.5703
2014-02-24,1.034,-1.1472
2014-02-25,1.005,-2.8046
2014-02-26,1.006,0.0995
2014-02-27,0.997,-0.8946
2014-02-28,1.009,1.2036
2014-03-03,1.025,1.5857
2014-03-04,1.027,0.1951
2014-03-05,1.011,-1.5579
2014-03-06,1.012,0.0989
2014-03-07,1.008,-0.3953
2014-03-10,0.982,-2.5794
2014-03-11,0.993,1.1202
2014-03-12,0.997,0.4028
2014-03-13,1.012,1.5045
2014-03-14,1.016,0.3953
2014-03-17,1.03,1.378
2014-03-18,1.024,-0.5825
2014-03-19,1.014,-0.9766
2014-03-20,0.99,-2.3669
2014-03-21,1.019,2.9293
2014-03-24,1.025,0.5888
2014-03-25,1.023,-0.1951
2014-03-26,1.032,0.8798
2014-03-27,1.024,-0.7752
2014-03-28,1.016,-0.7813
2014-03-31,1.025,0.8858
2014-04-01,1.039,1.3659
2014-04-02,1.041,0.1925
2014-04-03,1.04,-0.0961
2014-04-04,1.054,1.3462
2014-04-08,1.072,1.7078
2014-04-09,1.077,0.4664
2014-04-10,1.097,1.857
2014-04-11,1.093,-0.3646
2014-04-14,1.092,-0.0915
2014-04-15,1.074,-1.6484
2014-04-16,1.073,-0.0931
2014-04-17,1.07,-0.2796
2014-04-18,1.07,0.0
2014-04-21,1.061,-0.8411
2014-04-22,1.054,-0.6598
2014-04-23,1.053,-0.0949
2014-04-24,1.049,-0.3799
2014-04-25,1.033,-1.5253
2014-04-28,1.006,-2.6137
2014-04-29,1.02,1.3917
2014-04-30,1.022,0.1961
2014-05-05,1.021,-0.0978
2014-05-06,1.024,0.2938
2014-05-07,1.012,-1.1719
2014-05-08,1.01,-0.1976
2014-05-09,1.001,-0.8911
2014-05-12,1.023,2.1978
2014-05-13,1.022,-0.0978
2014-05-14,1.02,-0.1957
2014-05-15,1.004,-1.5686
2014-05-16,0.998,-0.5976
2014-05-19,0.988,-1.002
2014-05-20,0.99,0.2024
2014-05-21,1.0,1.0101
2014-05-22,1.002,0.2
2014-05-23,1.016,1.3972
2014-05-26,1.023,0.689
2014-05-27,1.018,-0.4888
2014-05-28,1.036,1.7682
2014-05-29,1.036,0.0
2014-05-30,1.032,-0.3861
2014-06-03,1.029,-0.2907
2014-06-04,1.016,-1.2634
2014-06-05,1.029,1.2795
2014-06-06,1.027,-0.1944
2014-06-09,1.027,0.0
2014-06-10,1.039,1.1685
2014-06-11,1.04,0.0962
2014-06-12,1.045,0.4808
2014-06-13,1.06,1.4354
2014-06-16,1.069,0.8491
2014-06-17,1.06,-0.8419
2014-06-18,1.057,-0.283
2014-06-19,1.049,-0.7569
2014-06-20,1.054,0.4766
2014-06-23,1.053,-0.0949
2014-06-24,1.059,0.5698
2014-06-25,1.059,0.0
2014-06-26,1.067,0.7554
2014-06-27,1.068,0.0937
2014-06-30,1.08,1.1236
2014-07-01,1.085,0.463
2014-07-02,1.088,0.2765
2014-07-03,1.102,1.2868
2014-07-04,1.106,0.363
2014-07-07,1.105,-0.0904
2014-07-08,1.105,0.0
2014-07-09,1.09,-1.3575
2014-07-10,1.082,-0.7339
2014-07-11,1.087,0.4621
2014-07-14,1.097,0.92
2014-07-15,1.095,-0.1823
2014-07-16,1.092,-0.274
2014-07-17,1.085,-0.641
2014-07-18,1.087,0.1843
2014-07-21,1.092,0.46
2014-07-22,1.102,0.9158
2014-07-23,1.097,-0.4537
2014-07-24,1.105,0.7293
2014-07-25,1.11,0.4525
2014-07-28,1.131,1.8919
2014-07-29,1.135,0.3537
2014-07-30,1.141,0.5286
2014-07-31,1.152,0.9641
2014-08-01,1.143,-0.7813
2014-08-04,1.159,1.3998
2014-08-05,1.157,-0.1726
2014-08-06,1.15,-0.605
2014-08-07,1.137,-1.1304
2014-08-08,1.141,0.3518
2014-08-11,1.159,1.5776
2014-08-12,1.161,0.1726
2014-08-13,1.159,-0.1723
2014-08-14,1.151,-0.6903
2014-08-15,1.163,1.0426
2014-08-18,1.171,0.6879
2014-08-19,1.167,-0.3416
2014-08-20,1.162,-0.4284
2014-08-21,1.153,-0.7745
2014-08-22,1.156,0.2602
2014-08-25,1.15,-0.519
2014-08-26,1.14,-0.8696
2014-08-27,1.145,0.4386
2014-08-28,1.142,-0.262
2014-08-29,1.154,1.0508
2014-09-01,1.167,1.1265
2014-09-02,1.178,0.9426
2014-09-03,1.193,1.2733
2014-09-04,1.196,0.2515
2014-09-05,1.206,0.8361
2014-09-09,1.2,-0.4975
2014-09-10,1.197,-0.25
2014-09-11,1.188,-0.7519
2014-09-12,1.197,0.7576
2014-09-15,1.191,-0.5013
2014-09-16,1.162,-2.4349
2014-09-17,1.166,0.3442
2014-09-18,1.173,0.6003
2014-09-19,1.185,1.023
2014-09-22,1.173,-1.0127
2014-09-23,1.18,0.5968
2014-09-24,1.205,2.1186
2014-09-25,1.2,-0.4149
2014-09-26,1.199,-0.0833
2014-09-29,1.201,0.1668
2014-09-30,1.202,0.0833
2014-10-08,1.218,1.3311
2014-10-09,1.212,-0.4926
2014-10-10,1.201,-0.9076
2014-10-13,1.197,-0.3331
2014-10-14,1.186,-0.919
2014-10-15,1.202,1.3491
2014-10-16,1.188,-1.1647
2014-10-17,1.183,-0.4209
2014-10-20,1.193,0.8453
2014-10-21,1.183,-0.8382
2014-10-22,1.178,-0.4227
2014-10-23,1.169,-0.764
2014-10-24,1.176,0.5988
2014-10-27,1.172,-0.3401
2014-10-28,1.189,1.4505
2014-10-29,1.204,1.2616
2014-10-30,1.21,0.4983
2014-10-31,1.23,1.6529
2014-11-03,1.231,0.0813
2014-11-04,1.22,-0.8936
2014-11-05,1.222,0.1639
2014-11-06,1.223,0.0818
2014-11-07,1.218,-0.4088
2014-11-10,1.245,2.2167
2014-11-11,1.23,-1.2048
2014-11-12,1.244,1.1382
2014-11-13,1.247,0.2412
2014-11-14,1.249,0.1604
2014-11-17,1.243,-0.4804
2014-11-18,1.233,-0.8045
2014-11-19,1.243,0.811
2014-11-20,1.244,0.0805
2014-11-21,1.261,1.3666
2014-11-24,1.288,2.1412
2014-11-25,1.309,1.6304
2014-11-26,1.333,1.8335
2014-11-27,1.342,0.6752
2014-11-28,1.354,0.8942
2014-12-01,1.354,0.0
2014-12-02,1.392,2.8065
2014-12-03,1.406,1.0057
2014-12-04,1.469,4.4808
2014-12-05,1.454,-1.0211
2014-12-08,1.484,2.0633
2014-12-09,1.39,-6.3342
2014-12-10,1.426,2.5899
2014-12-11,1.407,-1.3324
2014-12-12,1.414,0.4975
2014-12-15,1.445,2.1924
2014-12-16,1.489,3.045
2014-12-17,1.496,0.4701
2014-12-18,1.514,1.2032
2014-12-19,1.508,-0.3963
2014-12-22,1.488,-1.3263
2014-12-23,1.453,-2.3522
2014-12-24,1.427,-1.7894
2014-12-25,1.462,2.4527
2014-12-26,1.501,2.6676
2014-12-29,1.491,-0.6662
2014-12-30,1.483,-0.5366
2014-12-31,1.519,2.4275
2015-01-05,1.563,2.8966
2015-01-06,1.576,0.8317
2015-01-07,1.573,-0.1904
2015-01-08,1.545,-1.78
2015-01-09,1.554,0.5825
2015-01-12,1.557,0.1931
2015-01-13,1.574,1.0918
2015-01-14,1.567,-0.4447
2015-01-15,1.597,1.9145
2015-01-16,1.611,0.8766
2015-01-19,1.522,-5.5245
2015-01-20,1.557,2.2996
2015-01-21,1.622,4.1747
2015-01-22,1.629,0.4316
2015-01-23,1.64,0.6753
2015-01-26,1.648,0.4878
2015-01-27,1.64,-0.4854
2015-01-28,1.61,-1.8293
2015-01-29,1.591,-1.1801
2015-01-30,1.579,-0.7542
2015-02-02,1.556,-1.4566
2015-02-03,1.591,2.2494
2015-02-04,1.576,-0.9428
2015-02-05,1.564,-0.7614
2015-02-06,1.551,-0.8312
2015-02-09,1.557,0.3868
2015-02-10,1.564,0.4496
2015-02-11,1.575,0.7033
2015-02-12,1.579,0.254
2015-02-13,1.592,0.8233
2015-02-16,1.61,1.1307
2015-02-17,1.626,0.9938
2015-02-25,1.608,-1.107
2015-02-26,1.626,1.1194
2015-02-27,1.63,0.246
2015-03-02,1.648,1.1043
2015-03-03,1.624,-1.4563
2015-03-04,1.661,2.2783
2015-03-05,1.655,-0.3612
2015-03-06,1.63,-1.5106
2015-03-09,1.668,2.3313
2015-03-10,1.685,1.0192
2015-03-11,1.686,0.0593
2015-03-12,1.719,1.9573
2015-03-13,1.742,1.338
2015-03-16,1.796,3.0999
2015-03-17,1.808,0.6682
2015-03-18,1.837,1.604
2015-03-19,1.821,-0.871
2015-03-20,1.843,1.2081
2015-03-23,1.881,2.0619
2015-03-24,1.917,1.9139
2015-03-25,1.907,-0.5216
2015-03-26,1.907,0.0
2015-03-27,1.906,-0.0524
2015-03-30,1.936,1.574
2015-03-31,1.937,0.0517
2015-04-01,1.989,2.6846
2015-04-02,2.015,1.3072
2015-04-03,2.033,0.8933
2015-04-07,2.064,1.5248
2015-04-08,2.035,-1.405
2015-04-09,1.997,-1.8673
2015-04-10,2.061,3.2048
2015-04-13,2.1,1.8923
2015-04-14,2.076,-1.1429
2015-04-15,2.013,-3.0347
2015-04-16,2.063,2.4839
2015-04-17,2.053,-0.4847
2015-04-20,1.993,-2.9226
2015-04-21,2.055,3.1109
2015-04-22,2.112,2.7737
2015-04-23,2.118,0.2841
2015-04-24,2.108,-0.4721
2015-04-27,2.14,1.518
2015-04-28,2.08,-2.8037
2015-04-29,2.11,1.4423
2015-04-30,2.111,0.0474
2015-05-04,2.127,0.7579
2015-05-05,2.071,-2.6328
2015-05-06,2.083,0.5794
2015-05-07,2.05,-1.5843
2015-05-08,2.111,2.9756
2015-05-11,2.199,4.1686
2015-05-12,2.224,1.1369
2015-05-13,2.23,0.2698
2015-05-14,2.276,2.0628
2015-05-15,2.271,-0.2197
2015-05-18,2.304,1.4531
2015-05-19,2.362,2.5174
2015-05-20,2.412,2.1169
2015-05-21,2.453,1.6998
2015-05-22,2.461,0.3261
2015-05-25,2.541,3.2507
2015-05-26,2.587,1.8103
2015-05-27,2.596,0.3479
2015-05-28,2.466,-5.0077
2015-05-29,2.502,1.4599
2015-06-01,2.641,5.5556
2015-06-02,2.711,2.6505
2015-06-03,2.705,-0.2213
2015-06-04,2.681,-0.8872
2015-06-05,2.704,0.8579
2015-06-08,2.695,-0.3328
2015-06-09,2.667,-1.039
2015-06-10,2.707,1.4998
2015-06-11,2.724,0.628
2015-06-12,2.755,1.138
2015-06-15,2.671,-3.049
2015-06-16,2.587,-3.1449
2015-06-17,2.641,2.0874
2015-06-18,2.528,-4.2787
2015-06-19,2.404,-4.9051
2015-06-23,2.455,2.1215
2015-06-24,2.477,0.8961
2015-06-25,2.368,-4.4005
2015-06-26,2.197,-7.2213
2015-06-29,2.098,-4.5061
2015-06-30,2.245,7.0067
2015-07-01,2.162,-3.6971
2015-07-02,2.064,-4.5328
2015-07-03,1.975,-4.312
2015-07-06,1.995,1.0127
2015-07-07,1.954,-2.0551
2015-07-08,1.82,-6.8577
2015-07-09,1.931,6.0989
2015-07-10,2.044,5.8519
2015-07-13,2.142,4.7945
2015-07-14,2.2,2.7077
2015-07-15,2.071,-5.8636
2015-07-16,2.091,0.9657
2015-07-17,2.202,5.3085
2015-07-20,2.231,1.317
2015-07-21,2.25,0.8516
2015-07-22,2.246,-0.1778
2015-07-23,2.298,2.3152
2015-07-24,2.247,-2.2193
2015-07-27,2.064,-8.1442
2015-07-28,1.994,-3.3915
2015-07-29,2.058,3.2096
2015-07-30,1.988,-3.4014
2015-07-31,1.974,-0.7042
2015-08-03,1.94,-1.7224
2015-08-04,2.028,4.5361
2015-08-05,2.069,2.0217
2015-08-06,2.082,0.6283
2015-08-07,2.14,2.7858
2015-08-10,2.237,4.5327
2015-08-11,2.225,-0.5364
2015-08-12,2.175,-2.2472
2015-08-13,2.206,1.4253
2015-08-14,2.23,1.0879
2015-08-17,2.261,1.3901
2015-08-18,2.106,-6.8554
2015-08-19,2.137,1.472
2015-08-20,2.066,-3.3224
2015-08-21,1.955,-5.3727
2015-08-24,1.809,-7.468
2015-08-25,1.716,-5.141
2015-08-26,1.73,0.8159
2015-08-27,1.827,5.6069
2015-08-28,1.898,3.8862
2015-08-31,1.862,-1.8967
2015-09-01,1.793,-3.7057
2015-09-02,1.772,-1.1712
2015-09-07,1.775,0.1693
2015-09-08,1.782,0.3944
2015-09-09,1.784,0.1122
2015-09-10,1.783,-0.0561
2015-09-11,1.783,0.0
2015-09-14,1.305,-0.1122
2015-09-15,1.306,0.0766
2015-09-16,1.334,2.144
2015-09-17,1.327,-0.5247
2015-09-18,1.34,0.9797
2015-09-21,1.376,2.6866
2015-09-22,1.383,0.5087
2015-09-23,1.366,-1.2292
2015-09-24,1.377,0.8053
2015-09-25,1.356,-1.5251
2015-09-28,1.379,1.6962
2015-09-29,1.363,-1.1603
2015-09-30,1.364,0.0734
2015-10-08,1.406,3.0792
2015-10-09,1.446,2.845
2015-10-12,1.486,2.7663
2015-10-13,1.484,-0.1346
2015-10-14,1.462,-1.4825
2015-10-15,1.501,2.6676
2015-10-16,1.512,0.7328
2015-10-19,1.504,-0.5291
2015-10-20,1.522,1.1968
2015-10-21,1.461,-4.0079
2015-10-22,1.491,2.0534
2015-10-23,1.523,2.1462
2015-10-26,1.538,0.9849
2015-10-27,1.545,0.4551
2015-10-28,1.527,-1.165
2015-10-29,1.537,0.6549
2015-10-30,1.558,1.3663
2015-11-02,1.55,-0.5135
2015-11-03,1.541,-0.5806
2015-11-04,1.62,5.1265
2015-11-05,1.613,-0.4321
2015-11-06,1.651,2.3559
2015-11-09,1.678,1.6354
2015-11-10,1.681,0.1788
2015-11-11,1.704,1.3682
2015-11-12,1.704,0.0
2015-11-13,1.679,-1.4671
2015-11-16,1.704,1.489
2015-11-17,1.703,-0.0587
2015-11-18,1.676,-1.5854
2015-11-19,1.715,2.327
2015-11-20,1.737,1.2828
2015-11-23,1.731,-0.3454
2015-11-24,1.731,0.0
2015-11-25,1.756,1.4443
2015-11-26,1.744,-0.6834
2015-11-27,1.676,-3.8991
2015-11-30,1.685,0.537
2015-12-01,1.698,0.7715
2015-12-02,1.705,0.4122
2015-12-03,1.745,2.346
2015-12-04,1.723,-1.2607
2015-12-07,1.736,0.7545
2015-12-08,1.708,-1.6129
2015-12-09,1.722,0.8197
2015-12-10,1.713,-0.5226
2015-12-11,1.692,-1.2259
2015-12-14,1.714,1.3002
2015-12-15,1.721,0.4084
2015-12-16,1.727,0.3486
2015-12-17,1.757,1.7371
2015-12-18,1.752,-0.2846
2015-12-21,1.778,1.484
2015-12-22,1.787,0.5062
2015-12-23,1.785,-0.1119
2015-12-24,1.777,-0.4482
2015-12-25,1.791,0.7878
2015-12-28,1.753,-2.1217
2015-12-29,1.77,0.9698
2015-12-30,1.773,0.1695
2015-12-31,1.758,-0.846
2016-01-04,1.634,-7.0535
2016-01-05,1.617,-1.0404
2016-01-06,1.645,1.7316
2016-01-07,1.541,-6.3222
2016-01-08,1.551,0.6489
2016-01-11,1.47,-5.2224
2016-01-12,1.489,1.2925
2016-01-13,1.451,-2.552
2016-01-14,1.499,3.3081
2016-01-15,1.461,-2.535
2016-01-18,1.489,1.9165
2016-01-19,1.532,2.8878
2016-01-20,1.514,-1.1749
2016-01-21,1.474,-2.642
2016-01-22,1.482,0.5427
2016-01-25,1.491,0.6073
2016-01-26,1.407,-5.6338
2016-01-27,1.396,-0.7818
2016-01-28,1.362,-2.4355
2016-01-29,1.409,3.4508
2016-02-01,1.415,0.4258
2016-02-02,1.449,2.4028
2016-02-03,1.455,0.4141
2016-02-04,1.477,1.512
2016-02-05,1.458,-1.2864
2016-02-15,1.456,-0.1372
2016-02-16,1.506,3.4341
2016-02-17,1.51,0.2656
2016-02-18,1.508,-0.1325
2016-02-19,1.509,0.0663
2016-02-22,1.534,1.6567
2016-02-23,1.507,-1.7601
2016-02-24,1.503,-0.2654
2016-02-25,1.397,-7.0526
2016-02-26,1.401,0.2863
2016-02-29,1.346,-3.9258
2016-03-01,1.369,1.7088
2016-03-02,1.423,3.9445
2016-03-03,1.423,0.0
2016-03-04,1.396,-1.8974
2016-03-07,1.407,0.788
2016-03-08,1.421,0.995
2016-03-09,1.403,-1.2667
2016-03-10,1.385,-1.283
2016-03-11,1.39,0.361
2016-03-14,1.43,2.8777
2016-03-15,1.436,0.4196
2016-03-16,1.429,-0.4875
2016-03-17,1.472,3.0091
2016-03-18,1.502,2.038
2016-03-21,1.522,1.3316
2016-03-22,1.531,0.5913
2016-03-23,1.542,0.7185
2016-03-24,1.533,-0.5837
2016-03-25,1.545,0.7828
2016-03-28,1.531,-0.9061
2016-03-29,1.509,-1.437
2016-03-30,1.566,3.7773
2016-03-31,1.571,0.3193
2016-04-01,1.562,-0.5729
2016-04-05,1.596,2.1767
2016-04-06,1.613,1.0652
2016-04-07,1.586,-1.6739
2016-04-08,1.563,-1.4502
2016-04-11,1.605,2.6871
2016-04-12,1.587,-1.1215
2016-04-13,1.602,0.9452
2016-04-14,1.614,0.7491
2016-04-15,1.613,-0.062
2016-04-18,1.6,-0.806
2016-04-19,1.602,0.125
2016-04-20,1.551,-3.1835
2016-04-21,1.539,-0.7737
2016-04-22,1.567,1.8194
2016-04-25,1.56,-0.4467
2016-04-26,1.571,0.7051
2016-04-27,1.565,-0.3819
2016-04-28,1.562,-0.1917
2016-04-29,1.57,0.5122
2016-05-03,1.613,2.7389
2016-05-04,1.612,-0.062
2016-05-05,1.618,0.3722
2016-05-06,1.567,-3.152
2016-05-09,1.531,-2.2974
2016-05-10,1.535,0.2613
2016-05-11,1.538,0.1954
2016-05-12,1.548,0.6502
2016-05-13,1.547,-0.0646
2016-05-16,1.567,1.2928
2016-05-17,1.569,0.1276
2016-05-18,1.52,-3.123
2016-05-19,1.532,0.7895
2016-05-20,1.545,0.8486
2016-05-23,1.579,2.2006
2016-05-24,1.567,-0.76
2016-05-25,1.565,-0.1276
2016-05-26,1.571,0.3834
2016-05-27,1.572,0.0637
2016-05-30,1.567,-0.3181
2016-05-31,1.619,3.3184
2016-06-01,1.639,1.2353
2016-06-02,1.641,0.122
2016-06-03,1.652,0.6703
2016-06-06,1.666,0.8475
2016-06-07,1.666,0.0
2016-06-08,1.661,-0.3001
2016-06-13,1.6,-3.6725
2016-06-14,1.601,0.0625
2016-06-15,1.657,3.4978
2016-06-16,1.666,0.5432
2016-06-17,1.687,1.2605
2016-06-20,1.7,0.7706
2016-06-21,1.689,-0.6471
2016-06-22,1.698,0.5329
2016-06-23,1.684,-0.8245
2016-06-24,1.676,-0.4751
2016-06-27,1.719,2.5656
2016-06-28,1.721,0.1163
2016-06-29,1.723,0.1162
2016-06-30,1.718,-0.2902
2016-07-01,1.717,-0.0582
2016-07-04,1.742,1.456
2016-07-05,1.742,0.0
2016-07-06,1.741,-0.0574
2016-07-07,1.761,1.1488
2016-07-08,1.747,-0.795
2016-07-11,1.734,-0.7441
2016-07-12,1.744,0.5767
2016-07-13,1.761,0.9748
2016-07-14,1.759,-0.1136
2016-07-15,1.756,-0.1706
2016-07-18,1.748,-0.4556
2016-07-19,1.751,0.1716
2016-07-20,1.75,-0.0571
2016-07-21,1.751,0.0571
2016-07-22,1.739,-0.6853
2016-07-25,1.744,0.2875
2016-07-26,1.768,1.3761
2016-07-27,1.735,-1.8665
2016-07-28,1.741,0.3458
2016-07-29,1.734,-0.4021
2016-08-01,1.711,-1.3264
2016-08-02,1.732,1.2274
2016-08-03,1.744,0.6928
2016-08-04,1.75,0.344
2016-08-05,1.739,-0.6286
2016-08-08,1.752,0.7476
2016-08-09,1.779,1.5411
2016-08-10,1.774,-0.2811
2016-08-11,1.758,-0.9019
2016-08-12,1.766,0.4551
2016-08-15,1.801,1.9819
2016-08-16,1.798,-0.1666
2016-08-17,1.808,0.5562
2016-08-18,1.796,-0.6637
2016-08-19,1.8,0.2227
2016-08-22,1.794,-0.3333
2016-08-23,1.797,0.1672
2016-08-24,1.801,0.2226
2016-08-25,1.801,0.0
2016-08-26,1.809,0.4442
2016-08-29,1.811,0.1106
2016-08-30,1.82,0.497
2016-08-31,1.814,-0.3297
2016-09-01,1.809,-0.2756
2016-09-02,1.8,-0.4975
2016-09-05,1.8,0.0
2016-09-06,1.826,1.4444
2016-09-07,1.838,0.6572
2016-09-08,1.832,-0.3264
2016-09-09,1.833,0.0546
2016-09-12,1.797,-1.964
2016-09-13,1.805,0.4452
2016-09-14,1.795,-0.554
2016-09-19,1.816,1.1699
2016-09-20,1.82,0.2203
2016-09-21,1.818,-0.1099
2016-09-22,1.825,0.385
2016-09-23,1.824,-0.0548
2016-09-26,1.8,-1.3158
2016-09-27,1.813,0.7222
2016-09-28,1.822,0.4964
2016-09-29,1.831,0.494
2016-09-30,1.842,0.6008
2016-10-10,1.882,2.1716
2016-10-11,1.886,0.2125
2016-10-12,1.885,-0.053
2016-10-13,1.88,-0.2653
2016-10-14,1.872,-0.4255
2016-10-17,1.864,-0.4274
2016-10-18,1.887,1.2339
2016-10-19,1.876,-0.5829
2016-10-20,1.877,0.0533
2016-10-21,1.868,-0.4795
2016-10-24,1.884,0.8565
2016-10-25,1.88,-0.2123
2016-10-26,1.868,-0.6383
2016-10-27,1.865,-0.1606
2016-10-28,1.857,-0.429
2016-10-31,1.846,-0.5924
2016-11-01,1.854,0.4334
2016-11-02,1.458,-0.6472
2016-11-03,1.461,0.2058
2016-11-04,1.451,-0.6845
2016-11-07,1.441,-0.6892
2016-11-08,1.454,0.9022
2016-11-09,1.447,-0.4814
2016-11-10,1.457,0.6911
2016-11-11,1.453,-0.2745
2016-11-14,1.454,0.0688
2016-11-15,1.457,0.2063
2016-11-16,1.461,0.2745
2016-11-17,1.452,-0.616
2016-11-18,1.446,-0.4132
2016-11-21,1.44,-0.4149
2016-11-22,1.453,0.9028
2016-11-23,1.448,-0.3441
2016-11-24,1.442,-0.4144
2016-11-25,1.45,0.5548
2016-11-28,1.449,-0.069
2016-11-29,1.447,-0.138
2016-11-30,1.44,-0.4838
2016-12-01,1.44,0.0
2016-12-02,1.427,-0.9028
2016-12-05,1.424,-0.2102
2016-12-06,1.423,-0.0702
2016-12-07,1.431,0.5622
2016-12-08,1.419,-0.8386
2016-12-09,1.407,-0.8457
2016-12-12,1.36,-3.3404
2016-12-13,1.36,0.0
2016-12-14,1.346,-1.0294
2016-12-15,1.345,-0.0743
2016-12-16,1.368,1.71
2016-12-19,1.366,-0.1462
2016-12-20,1.365,-0.0732
2016-12-21,1.376,0.8059
2016-12-22,1.376,0.0
2016-12-23,1.369,-0.5087
2016-12-26,1.371,0.1461
2016-12-27,1.369,-0.1459
2016-12-28,1.364,-0.3652
2016-12-29,1.363,-0.0733
2016-12-30,1.371,0.5869
2016-12-31,1.371,0.0
2017-01-03,1.376,0.3647
2017-01-04,1.384,0.5814
2017-01-05,1.383,-0.0723
2017-01-06,1.38,-0.2169
2017-01-09,1.379,-0.0725
2017-01-10,1.376,-0.2175
2017-01-11,1.358,-1.3081
2017-01-12,1.346,-0.8837
2017-01-13,1.326,-1.4859
2017-01-16,1.296,-2.2624
2017-01-17,1.305,0.6944
2017-01-18,1.306,0.0766
2017-01-19,1.304,-0.1531
2017-01-20,1.321,1.3037
2017-01-23,1.327,0.4542
2017-01-24,1.322,-0.3768
2017-01-25,1.328,0.4539
2017-01-26,1.338,0.753
2017-02-03,1.336,-0.1495
2017-02-06,1.348,0.8982
2017-02-07,1.339,-0.6677
2017-02-08,1.341,0.1494
2017-02-09,1.347,0.4474
2017-02-10,1.347,0.0
2017-02-13,1.357,0.7424
2017-02-14,1.356,-0.0737
2017-02-15,1.347,-0.6637
2017-02-16,1.354,0.5197
2017-02-17,1.346,-0.5908
2017-02-20,1.354,0.5944
2017-02-21,1.364,0.7386
2017-02-22,1.366,0.1466
2017-02-23,1.377,0.8053
2017-02-24,1.385,0.581
2017-02-27,1.38,-0.361
2017-02-28,1.379,-0.0725
2017-03-01,1.381,0.145
2017-03-02,1.377,-0.2896
2017-03-03,1.383,0.4357
2017-03-06,1.394,0.7954
2017-03-07,1.407,0.9326
2017-03-08,1.405,-0.1421
2017-03-09,1.395,-0.7117
2017-03-10,1.395,0.0
2017-03-13,1.405,0.7168
2017-03-14,1.395,-0.7117
2017-03-15,1.391,-0.2867
2017-03-16,1.398,0.5032
2017-03-17,1.385,-0.9299
2017-03-20,1.386,0.0722
2017-03-21,1.388,0.1443
2017-03-22,1.388,0.0
2017-03-23,1.387,-0.072
2017-03-24,1.4,0.9373
2017-03-27,1.389,-0.7857
2017-03-28,1.383,-0.432
2017-03-29,1.368,-1.0846
2017-03-30,1.346,-1.6082
2017-03-31,1.342,-0.2972
2017-04-05,1.36,1.3413
2017-04-06,1.367,0.5147
2017-04-07,1.372,0.3658
2017-04-10,1.361,-0.8017
2017-04-11,1.367,0.4409
2017-04-12,1.365,-0.1463
2017-04-13,1.37,0.3663
2017-04-14,1.356,-1.0219
2017-04-17,1.346,-0.7375
2017-04-18,1.34,-0.4458
2017-04-19,1.338,-0.1493
2017-04-20,1.343,0.3737
2017-04-21,1.343,0.0
2017-04-24,1.336,-0.5212
2017-04-25,1.335,-0.0749
2017-04-26,1.325,-0.7491
2017-04-27,1.325,0.0
2017-04-28,1.33,0.3774
2017-05-02,1.326,-0.3008
2017-05-03,1.319,-0.5279
2017-05-04,1.316,-0.2274
2017-05-05,1.306,-0.7599
2017-05-08,1.297,-0.6891
2017-05-09,1.298,0.0771
2017-05-10,1.283,-1.1556
2017-05-11,1.282,-0.0779
2017-05-12,1.282,0.0
2017-05-15,1.293,0.858
2017-05-16,1.316,1.7788
2017-05-17,1.312,-0.304
2017-05-18,1.312,0.0
2017-05-19,1.301,-0.8384
2017-05-22,1.289,-0.9224
2017-05-23,1.274,-1.1637
2017-05-24,1.276,0.157
2017-05-25,1.299,1.8025
2017-05-26,1.301,0.154
2017-05-31,1.28,-1.6141
2017-06-01,1.239,-3.2031
2017-06-02,1.239,0.0
2017-06-05,1.255,1.2914
2017-06-06,1.258,0.239
2017-06-07,1.297,3.1002
2017-06-08,1.3,0.2313
2017-06-09,1.306,0.4615
2017-06-12,1.295,-0.8423
2017-06-13,1.31,1.1583
2017-06-14,1.301,-0.687
2017-06-15,1.317,1.2298
2017-06-16,1.316,-0.0759
2017-06-19,1.314,-0.152
2017-06-20,1.313,-0.0761
2017-06-21,1.317,0.3046
2017-06-22,1.303,-1.063
2017-06-23,1.307,0.307
2017-06-26,1.329,1.6832
2017-06-27,1.326,-0.2257
2017-06-28,1.324,-0.1508
2017-06-29,1.327,0.2266
2017-06-30,1.324,-0.2261
2017-07-03,1.332,0.6042
2017-07-04,1.328,-0.3003
2017-07-05,1.319,-0.6777
2017-07-06,1.31,-0.6823
2017-07-07,1.302,-0.6107
2017-07-10,1.288,-1.0753
2017-07-11,1.279,-0.6988
2017-07-12,1.276,-0.2346
2017-07-13,1.273,-0.2351
2017-07-14,1.278,0.3928
2017-07-17,1.232,-3.5994
2017-07-18,1.231,-0.0812
2017-07-19,1.245,1.1373
2017-07-20,1.253,0.6426
2017-07-21,1.249,-0.3192
2017-07-24,1.241,-0.6405
2017-07-25,1.245,0.3223
2017-07-26,1.244,-0.0803
2017-07-27,1.276,2.5723
2017-07-28,1.282,0.4702
2017-07-31,1.293,0.858
2017-08-01,1.292,-0.0773
2017-08-02,1.278,-1.0836
2017-08-03,1.279,0.0782
2017-08-04,1.271,-0.6255
2017-08-07,1.283,0.9441
2017-08-08,1.286,0.2338
2017-08-09,1.294,0.6221
2017-08-10,1.284,-0.7728
2017-08-11,1.27,-1.0903
2017-08-14,1.302,2.5197
2017-08-15,1.306,0.3072
2017-08-16,1.315,0.6891
2017-08-17,1.33,1.1407
2017-08-18,1.323,-0.5263
2017-08-21,1.321,-0.1512
2017-08-22,1.314,-0.5299
2017-08-23,1.304,-0.761
2017-08-24,1.296,-0.6135
2017-08-25,1.307,0.8488
2017-08-28,1.315,0.6121
2017-08-29,1.307,-0.6084
2017-08-30,1.314,0.5356
2017-08-31,1.314,0.0
2017-09-01,1.321,0.5327
2017-09-04,1.333,0.9084
2017-09-05,1.331,-0.15
2017-09-06,1.342,0.8264
2017-09-07,1.343,0.0745
2017-09-08,1.341,-0.1489
2017-09-11,1.344,0.2237
2017-09-12,1.351,0.5208
2017-09-13,1.357,0.4441
2017-09-14,1.35,-0.5158
2017-09-15,1.339,-0.8148
2017-09-18,1.348,0.6721
2017-09-19,1.336,-0.8902
2017-09-20,1.345,0.6737
2017-09-21,1.336,-0.6691
2017-09-22,1.334,-0.1497
2017-09-25,1.323,-0.8246
2017-09-26,1.319,-0.3023
2017-09-27,1.318,-0.0758
2017-09-28,1.319,0.0759
2017-09-29,1.322,0.2274
2017-10-09,1.34,1.3616
2017-10-10,1.361,1.5672
2017-10-11,1.362,0.0735
2017-10-12,1.363,0.0734
2017-10-13,1.363,0.0
2017-10-16,1.335,-2.0543
2017-10-17,1.332,-0.2247
2017-10-18,1.327,-0.3754
2017-10-19,1.326,-0.0754
2017-10-20,1.335,0.6787
2017-10-23,1.344,0.6742
2017-10-24,1.344,0.0
2017-10-25,1.357,0.9673
2017-10-26,1.362,0.3685
2017-10-27,1.366,0.2937
2017-10-30,1.358,-0.5857
2017-10-31,1.353,-0.3682
2017-11-01,1.358,0.3695
2017-11-02,1.354,-0.2946
2017-11-03,1.37,1.1817
2017-11-06,1.401,2.2628
2017-11-07,1.408,0.4996
2017-11-08,1.405,-0.2131
2017-11-09,1.409,0.2847
2017-11-10,1.434,1.7743
2017-11-13,1.445,0.7671
2017-11-14,1.43,-1.0381
2017-11-15,1.426,-0.2797
2017-11-16,1.434,0.561
2017-11-17,1.415,-1.325
2017-11-20,1.429,0.9894
2017-11-21,1.447,1.2596
2017-11-22,1.43,-1.1748
2017-11-23,1.384,-3.2168
2017-11-24,1.379,-0.3613
2017-11-27,1.355,-1.7404
2017-11-28,1.372,1.2546
2017-11-29,1.374,0.1458
2017-11-30,1.354,-1.4556
2017-12-01,1.389,2.5849
2017-12-04,1.39,0.072
2017-12-05,1.368,-1.5827
2017-12-06,1.389,1.5351
2017-12-07,1.382,-0.504
2017-12-08,1.397,1.0854
2017-12-11,1.412,1.0737
2017-12-12,1.41,-0.1416
2017-12-13,1.423,0.922
2017-12-14,1.421,-0.1405
2017-12-15,1.413,-0.563
2017-12-18,1.407,-0.4246
2017-12-19,1.409,0.1421
2017-12-20,1.406,-0.2129
2017-12-21,1.414,0.569
2017-12-22,1.4,-0.9901
2017-12-25,1.382,-1.2857
2017-12-26,1.383,0.0724
2017-12-27,1.372,-0.7954
2017-12-28,1.382,0.7289
2017-12-29,1.383,0.0724
2017-12-31,1.383,0.0
2018-01-02,1.404,1.5184
2018-01-03,1.414,0.7123
2018-01-04,1.425,0.7779
2018-01-05,1.426,0.0702
2018-01-08,1.414,-0.8415
2018-01-09,1.425,0.7779
2018-01-10,1.433,0.5614
2018-01-11,1.436,0.2094
2018-01-12,1.427,-0.6267
2018-01-15,1.405,-1.5417
2018-01-16,1.411,0.427
2018-01-17,1.398,-0.9213
2018-01-18,1.4,0.1431
2018-01-19,1.389,-0.7857
2018-01-22,1.429,2.8798
2018-01-23,1.425,-0.2799
2018-01-24,1.455,2.1053
2018-01-25,1.458,0.2062
2018-01-26,1.454,-0.2743
2018-01-29,1.427,-1.8569
2018-01-30,1.416,-0.7708
2018-01-31,1.4,-1.1299
2018-02-01,1.355,-3.2143
2018-02-02,1.364,0.6642
2018-02-05,1.356,-0.5865
2018-02-06,1.307,-3.6136
2018-02-07,1.292,-1.1477
2018-02-08,1.317,1.935
2018-02-09,1.275,-3.1891
2018-02-12,1.321,3.6078
2018-02-13,1.327,0.4542
2018-02-14,1.336,0.6782
2018-02-22,1.368,2.3952
2018-02-23,1.354,-1.0234
2018-02-26,1.395,3.0281
2018-02-27,1.408,0.9319
2018-02-28,1.404,-0.2841
2018-03-01,1.435,2.208
2018-03-02,1.411,-1.6725
2018-03-05,1.414,0.2126
2018-03-06,1.42,0.4243
2018-03-07,1.412,-0.5634
2018-03-08,1.433,1.4873
2018-03-09,1.462,2.0237
2018-03-12,1.485,1.5732
2018-03-13,1.461,-1.6162
2018-03-14,1.446,-1.0267
2018-03-15,1.454,0.5533
2018-03-16,1.437,-1.1692
2018-03-19,1.453,1.1134
2018-03-20,1.459,0.4129
2018-03-21,1.434,-1.7135
2018-03-22,1.412,-1.5342
2018-03-23,1.35,-4.3909
2018-03-26,1.393,3.1852
2018-03-27,1.423,2.1536
2018-03-28,1.397,-1.8271
2018-03-29,1.415,1.2885
2018-03-30,1.453,2.6855
2018-04-02,1.465,0.8259
2018-04-03,1.454,-0.7509
2018-04-04,1.442,-0.8253
2018-04-09,1.454,0.8322
2018-04-10,1.437,-1.1692
2018-04-11,1.451,0.9743
2018-04-12,1.444,-0.4824
2018-04-13,1.452,0.554
2018-04-16,1.471,1.3085
2018-04-17,1.436,-2.3793
2018-04-18,1.478,2.9248
2018-04-19,1.476,-0.1353
2018-04-20,1.447,-1.9648
2018-04-23,1.397,-3.4554
2018-04-24,1.455,4.1518
2018-04-25,1.465,0.6873
2018-04-26,1.443,-1.5017
2018-04-27,1.461,1.2474
2018-05-02,1.437,-1.6427
2018-05-03,1.47,2.2965
2018-05-04,1.479,0.6122
2018-05-07,1.531,3.5159
2018-05-08,1.546,0.9798
2018-05-09,1.547,0.0647
2018-05-10,1.557,0.6464
2018-05-11,1.532,-1.6057
2018-05-14,1.523,-0.5875
2018-05-15,1.546,1.5102
2018-05-16,1.546,0.0
2018-05-17,1.531,-0.9702
2018-05-18,1.552,1.3717
2018-05-21,1.579,1.7397
2018-05-22,1.579,0.0
2018-05-23,1.561,-1.14
2018-05-24,1.54,-1.3453
2018-05-25,1.524,-1.039
2018-05-28,1.537,0.853
2018-05-29,1.534,-0.1952
2018-05-30,1.515,-1.2386
2018-05-31,1.526,0.7261
2018-06-01,1.497,-1.9004
2018-06-04,1.528,2.0708
2018-06-05,1.589,3.9921
2018-06-06,1.601,0.7552
2018-06-07,1.59,-0.6871
2018-06-08,1.58,-0.6289
2018-06-11,1.576,-0.2532
2018-06-12,1.601,1.5863
2018-06-13,1.596,-0.3123
2018-06-14,1.573,-1.4411
2018-06-15,1.545,-1.78
2018-06-19,1.467,-5.0485
2018-06-20,1.494,1.8405
2018-06-21,1.475,-1.2718
2018-06-22,1.501,1.7627
2018-06-25,1.497,-0.2665
2018-06-26,1.522,1.67
2018-06-27,1.492,-1.9711
2018-06-28,1.464,-1.8767
2018-06-29,1.535,4.8497
2018-06-30,1.535,0.0
2018-07-02,1.517,-1.1726
2018-07-03,1.527,0.6592
2018-07-04,1.501,-1.7027
2018-07-05,1.475,-1.7322
2018-07-06,1.473,-0.1356
2018-07-09,1.519,3.1229
2018-07-10,1.528,0.5925
2018-07-11,1.493,-2.2906
2018-07-12,1.537,2.9471
2018-07-13,1.569,2.082
2018-07-16,1.572,0.1912
2018-07-17,1.564,-0.5089
2018-07-18,1.553,-0.7033
2018-07-19,1.549,-0.2576
2018-07-20,1.562,0.8393
2018-07-23,1.566,0.2561
2018-07-24,1.593,1.7241
2018-07-25,1.594,0.0628
2018-07-26,1.57,-1.5056
2018-07-27,1.561,-0.5732
2018-07-30,1.54,-1.3453
2018-07-31,1.543,0.1948
2018-08-01,1.518,-1.6202
2018-08-02,1.493,-1.6469
2018-08-03,1.458,-2.3443
2018-08-06,1.431,-1.8519
2018-08-07,1.466,2.4458
2018-08-08,1.432,-2.3192
2018-08-09,1.476,3.0726
2018-08-10,1.485,0.6098
2018-08-13,1.49,0.3367
2018-08-14,1.485,-0.3356
2018-08-15,1.458,-1.8182
2018-08-16,1.44,-1.2346
2018-08-17,1.412,-1.9444
2018-08-20,1.417,0.3541
2018-08-21,1.437,1.4114
2018-08-22,1.426,-0.7655
2018-08-23,1.43,0.2805
2018-08-24,1.422,-0.5594
2018-08-27,1.458,2.5316
2018-08-28,1.463,0.3429
2018-08-29,1.452,-0.7519
2018-08-30,1.436,-1.1019
2018-08-31,1.431,-0.3482
2018-09-03,1.421,-0.6988
2018-09-04,1.435,0.9852
2018-09-05,1.411,-1.6725
2018-09-06,1.398,-0.9213
2018-09-07,1.399,0.0715
2018-09-10,1.377,-1.5726
2018-09-11,1.373,-0.2905
2018-09-12,1.366,-0.5098
2018-09-13,1.374,0.5857
2018-09-14,1.371,-0.2183
2018-09-17,1.35,-1.5317
2018-09-18,1.372,1.6296
2018-09-19,1.393,1.5306
2018-09-20,1.394,0.0718
2018-09-21,1.419,1.7934
2018-09-25,1.412,-0.4933
2018-09-26,1.424,0.8499
2018-09-27,1.412,-0.8427
2018-09-28,1.423,0.779
2018-10-08,1.371,-3.6543
2018-10-09,1.36,-0.8023
2018-10-10,1.351,-0.6618
2018-10-11,1.303,-3.5529
2018-10-12,1.312,0.6907
2018-10-15,1.3,-0.9146
2018-10-16,1.278,-1.6923
2018-10-17,1.289,0.8607
2018-10-18,1.272,-1.3189
2018-10-19,1.305,2.5943
2018-10-22,1.348,3.295
2018-10-23,1.316,-2.3739
2018-10-24,1.317,0.076
2018-10-25,1.315,-0.1519
2018-10-26,1.311,-0.3042
2018-10-29,1.285,-1.9832
2018-10-30,1.287,0.1556
2018-10-31,1.3,1.0101
2018-11-01,1.314,1.0769
2018-11-02,1.364,3.8052
2018-11-05,1.361,-0.2199
2018-11-06,1.358,-0.2204
2018-11-07,1.348,-0.7364
2018-11-08,1.34,-0.5935
2018-11-09,1.338,-0.1493
2018-11-12,1.369,2.3169
2018-11-13,1.373,0.2922
2018-11-14,1.369,-0.2913
2018-11-15,1.378,0.6574
2018-11-16,1.391,0.9434
2018-11-19,1.396,0.3595
2018-11-20,1.368,-2.0057
2018-11-21,1.374,0.4386
2018-11-22,1.372,-0.1456
2018-11-23,1.335,-2.6968
2018-11-26,1.342,0.5243
2018-11-27,1.344,0.149
2018-11-28,1.367,1.7113
2018-11-29,1.352,-1.0973
2018-11-30,1.364,0.8876
2018-12-03,1.405,3.0059
2018-12-04,1.412,0.4982
2018-12-05,1.424,0.8499
2018-12-06,1.402,-1.5449
2018-12-07,1.402,0.0
2018-12-10,1.402,0.0
2018-12-11,1.407,0.3566
2018-12-12,1.41,0.2132
2018-12-13,1.432,1.5603
2018-12-14,1.41,-1.5363
2018-12-17,1.4,-0.7092
2018-12-18,1.385,-1.0714
2018-12-19,1.369,-1.1552
2018-12-20,1.366,-0.2191
2018-12-21,1.358,-0.5857
2018-12-24,1.377,1.3991
2018-12-25,1.376,-0.0726
2018-12-26,1.371,-0.3634
2018-12-27,1.363,-0.5835
2018-12-28,1.361,-0.1467
2018-12-31,1.361,0.0
2019-01-02,1.346,-1.1021
2019-01-03,1.327,-1.4116
2019-01-04,1.352,1.8839
2019-01-07,1.373,1.5533
2019-01-08,1.368,-0.3642
2019-01-09,1.38,0.8772
2019-01-10,1.387,0.5072
2019-01-11,1.386,-0.0721
2019-01-14,1.376,-0.7215
2019-01-15,1.407,2.2529
2019-01-16,1.413,0.4264
2019-01-17,1.405,-0.5662
2019-01-18,1.426,1.4947
2019-01-21,1.435,0.6311
2019-01-22,1.421,-0.9756
2019-01-23,1.426,0.3519
2019-01-24,1.435,0.6311
2019-01-25,1.447,0.8362
2019-01-28,1.445,-0.1382
2019-01-29,1.447,0.1384
2019-01-30,1.438,-0.622
2019-01-31,1.434,-0.2782
2019-02-01,1.463,2.0223
2019-02-11,1.486,1.5721
2019-02-12,1.506,1.3459
2019-02-13,1.528,1.4608
2019-02-14,1.535,0.4581
2019-02-15,1.516,-1.2378
2019-02-18,1.565,3.2322
2019-02-19,1.555,-0.639
2019-02-20,1.557,0.1286
2019-02-21,1.552,-0.3211
2019-02-22,1.595,2.7706
2019-02-25,1.663,4.2633
2019-02-26,1.639,-1.4432
2019-02-27,1.613,-1.5863
2019-02-28,1.629,0.9919
2019-03-01,1.65,1.2891
2019-03-04,1.673,1.3939
2019-03-05,1.688,0.8966
2019-03-06,1.693,0.2962
2019-03-07,1.671,-1.2995
2019-03-08,1.632,-2.3339
2019-03-11,1.702,4.2892
2019-03-12,1.744,2.4677
2019-03-13,1.727,-0.9748
2019-03-14,1.71,-0.9844
2019-03-15,1.742,1.8713
2019-03-18,1.793,2.9277
2019-03-19,1.787,-0.3346
2019-03-20,1.774,-0.7275
2019-03-21,1.778,0.2255
2019-03-22,1.769,-0.5062
2019-03-25,1.735,-1.922
2019-03-26,1.71,-1.4409
2019-03-27,1.731,1.2281
2019-03-28,1.727,-0.2311
2019-03-29,1.784,3.3005
2019-04-01,1.846,3.4753
2019-04-02,1.839,-0.3792
2019-04-03,1.853,0.7613
2019-04-04,1.857,0.2159
2019-04-08,1.851,-0.3231
2019-04-09,1.848,-0.1621
2019-04-10,1.854,0.3247
2019-04-11,1.81,-2.3732
2019-04-12,1.799,-0.6077
2019-04-15,1.78,-1.0561
2019-04-16,1.813,1.8539
2019-04-17,1.839,1.4341
2019-04-18,1.842,0.1631
2019-04-19,1.85,0.4343
2019-04-22,1.822,-1.5135
2019-04-23,1.811,-0.6037
2019-04-24,1.818,0.3865
2019-04-25,1.789,-1.5952
2019-04-26,1.776,-0.7267
2019-04-29,1.798,1.2387
2019-04-30,1.805,0.3893
2019-05-06,1.717,-4.8753
2019-05-07,1.739,1.2813
2019-05-08,1.717,-1.2651
2019-05-09,1.691,-1.5143
2019-05-10,1.759,4.0213
2019-05-13,1.737,-1.2507
2019-05-14,1.723,-0.806
2019-05-15,1.777,3.1341
2019-05-16,1.787,0.5627
2019-05-17,1.742,-2.5182
2019-05-20,1.722,-1.1481
2019-05-21,1.744,1.2776
2019-05-22,1.75,0.344
2019-05-23,1.717,-1.8857
2019-05-24,1.714,-0.1747
2019-05-27,1.733,1.1085
2019-05-28,1.75,0.981
2019-05-29,1.749,-0.0571
2019-05-30,1.738,-0.6289
2019-05-31,1.74,0.1151
2019-06-03,1.727,-0.7471
2019-06-04,1.71,-0.9844
2019-06-05,1.707,-0.1754
2019-06-06,1.684,-1.3474
2019-06-10,1.708,1.4252
2019-06-11,1.757,2.8689
2019-06-12,1.745,-0.683
2019-06-13,1.739,-0.3438
2019-06-14,1.723,-0.9201
2019-06-17,1.717,-0.3482
2019-06-18,1.728,0.6407
2019-06-19,1.76,1.8519
2019-06-20,1.8,2.2727
2019-06-21,1.813,0.7222
2019-06-24,1.822,0.4964
2019-06-25,1.806,-0.8782
2019-06-26,1.817,0.6091
2019-06-27,1.838,1.1558
2019-06-28,1.834,-0.2176
2019-06-30,1.834,0.0
2019-07-01,1.882,2.6172
2019-07-02,1.873,-0.4782
2019-07-03,1.855,-0.961
2019-07-04,1.837,-0.9704
2019-07-05,1.85,0.7077
2019-07-08,1.814,-1.9459
2019-07-09,1.812,-0.1103
2019-07-10,1.812,0.0
2019-07-11,1.808,-0.2208
2019-07-12,1.824,0.885
2019-07-15,1.836,0.6579
2019-07-16,1.834,-0.1089
2019-07-17,1.833,-0.0545
2019-07-18,1.812,-1.1457
2019-07-19,1.828,0.883
2019-07-22,1.828,0.0
2019-07-23,1.849,1.1488
2019-07-24,1.874,1.3521
2019-07-25,1.886,0.6403
2019-07-26,1.896,0.5302
2019-07-29,1.896,0.0
2019-07-30,1.897,0.0527
2019-07-31,1.888,-0.4744
2019-08-01,1.874,-0.7415
2019-08-02,1.861,-0.6937
2019-08-05,1.838,-1.2359
2019-08-06,1.831,-0.3808
2019-08-07,1.83,-0.0546
2019-08-08,1.853,1.2568
2019-08-09,1.841,-0.6476
2019-08-12,1.877,1.9555
2019-08-13,1.864,-0.6926
2019-08-14,1.876,0.6438
2019-08-15,1.9,1.2793
2019-08-16,1.913,0.6842
2019-08-19,1.953,2.091
2019-08-20,1.956,0.1536
2019-08-21,1.967,0.5624
2019-08-22,1.968,0.0508
2019-08-23,1.985,0.8638
2019-08-26,1.969,-0.806
2019-08-27,1.991,1.1173
2019-08-28,1.989,-0.1005
2019-08-29,1.988,-0.0503
2019-08-30,1.982,-0.3018
2019-09-02,2.018,1.8163
2019-09-03,2.028,0.4955
2019-09-04,2.032,0.1972
2019-09-05,2.05,0.8858
2019-09-06,2.04,-0.4878
2019-09-09,2.063,1.1275
2019-09-10,2.062,-0.0485
2019-09-11,2.037,-1.2124
2019-09-12,2.049,0.5891
2019-09-16,2.052,0.1464
2019-09-17,2.024,-1.3645
2019-09-18,2.036,0.5929
2019-09-19,2.055,0.9332
2019-09-20,2.057,0.0973
2019-09-23,2.037,-0.9723
2019-09-24,2.054,0.8346
2019-09-25,2.022,-1.5579
2019-09-26,2.006,-0.7913
2019-09-27,2.019,0.6481
2019-09-30,2.004,-0.7429
2019-10-08,2.009,0.2495
2019-10-09,2.016,0.3484
2019-10-10,2.047,1.5377
2019-10-11,2.05,0.1466
2019-10-14,2.068,0.878
2019-10-15,2.05,-0.8704
2019-10-16,2.033,-0.8293
2019-10-17,2.042,0.4427
2019-10-18,2.021,-1.0284
2019-10-21,2.007,-0.6927
2019-10-22,2.027,0.9965
2019-10-23,2.007,-0.9867
2019-10-24,1.988,-0.9467
2019-10-25,2.013,1.2575
2019-10-28,2.038,1.2419
2019-10-29,2.021,-0.8342
2019-10-30,2.016,-0.2474
2019-10-31,2.009,-0.3472
2019-11-01,2.03,1.0453
2019-11-04,2.056,1.2808
2019-11-05,2.054,-0.0973
2019-11-06,2.045,-0.4382
2019-11-07,2.066,1.0269
2019-11-08,2.072,0.2904
2019-11-11,2.031,-1.9788
2019-11-12,2.022,-0.4431
2019-11-13,2.032,0.4946
2019-11-14,2.047,0.7382
2019-11-15,2.039,-0.3908
2019-11-18,2.057,0.8828
2019-11-19,2.09,1.6043
2019-11-20,2.084,-0.2871
2019-11-21,2.069,-0.7198
2019-11-22,2.04,-1.4016
2019-11-25,2.025,-0.7353
2019-11-26,2.04,0.7407
2019-11-27,2.029,-0.5392
2019-11-28,2.035,0.2957
2019-11-29,2.027,-0.3931
2019-12-02,2.035,0.3947
2019-12-03,2.043,0.3931
2019-12-04,2.047,0.1958
2019-12-05,2.072,1.2213
2019-12-06,2.096,1.1583
2019-12-09,2.095,-0.0477
2019-12-10,2.11,0.716
2019-12-11,2.099,-0.5213
2019-12-12,2.1,0.0476
2019-12-13,2.123,1.0952
2019-12-16,2.153,1.4131
2019-12-17,2.17,0.7896
2019-12-18,2.174,0.1843
2019-12-19,2.159,-0.69
2019-12-20,2.148,-0.5095
2019-12-23,2.115,-1.5363
2019-12-24,2.145,1.4184
2019-12-25,2.156,0.5128
2019-12-26,2.159,0.1391
2019-12-27,2.149,-0.4632
2019-12-30,2.167,0.8376
2019-12-31,2.179,0.5538
2020-01-02,2.234,2.5241
2020-01-03,2.243,0.4029
2020-01-06,2.24,-0.1337
2020-01-07,2.265,1.1161
2020-01-08,2.235,-1.3245
2020-01-09,2.27,1.566
2020-01-10,2.274,0.1762
2020-01-13,2.306,1.4072
2020-01-14,2.301,-0.2168
2020-01-15,2.3,-0.0435
2020-01-16,2.308,0.3478
2020-01-17,2.317,0.3899
2020-01-20,2.342,1.079
2020-01-21,2.313,-1.2383
2020-01-22,2.339,1.1241
2020-01-23,2.277,-2.6507
2020-02-03,2.114,-7.1585
2020-02-04,2.209,4.4939
2020-02-05,2.231,0.9959
2020-02-06,2.293,2.779
2020-02-07,2.317,1.0467
2020-02-10,2.339,0.9495
2020-02-11,2.344,0.2138
2020-02-12,2.378,1.4505
2020-02-13,2.361,-0.7149
2020-02-14,2.355,-0.2541
2020-02-17,2.412,2.4204
2020-02-18,2.436,0.995
2020-02-19,2.422,-0.5747
2020-02-20,2.455,1.3625
2020-02-21,2.475,0.8147
2020-02-24,2.485,0.404
2020-02-25,2.501,0.6439
2020-02-26,2.432,-2.7589
2020-02-27,2.472,1.6447
2020-02-28,2.373,-4.0049
2020-03-02,2.461,3.7084
2020-03-03,2.473,0.4876
2020-03-04,2.487,0.5661
2020-03-05,2.528,1.6486
2020-03-06,2.504,-0.9494
2020-03-09,2.39,-4.5527
2020-03-10,2.445,2.3013
2020-03-11,2.41,-1.4315
2020-03-12,2.354,-2.3237
2020-03-13,2.332,-0.9346
2020-03-16,2.219,-4.8456
2020-03-17,2.212,-0.3155
2020-03-18,2.188,-1.085
2020-03-19,2.178,-0.457
2020-03-20,2.219,1.8825
2020-03-23,2.136,-3.7404
2020-03-24,2.179,2.0131
2020-03-25,2.246,3.0748
2020-03-26,2.242,-0.1781
2020-03-27,2.255,0.5798
2020-03-30,2.221,-1.5078
2020-03-31,2.242,0.9455
2020-04-01,2.228,-0.6244
2020-04-02,2.257,1.3016
2020-04-03,2.253,-0.1772
2020-04-07,2.315,2.7519
2020-04-08,2.295,-0.8639
2020-04-09,2.319,1.0458
2020-04-10,2.281,-1.6386
2020-04-13,2.275,-0.263
2020-04-14,2.335,2.6374
2020-04-15,2.321,-0.5996
2020-04-16,2.339,0.7755
2020-04-17,2.354,0.6413
2020-04-20,2.381,1.147
2020-04-21,2.363,-0.756
2020-04-22,2.387,1.0157
2020-04-23,2.389,0.0838
2020-04-24,2.365,-1.0046
2020-04-27,2.378,0.5497
2020-04-28,2.403,1.0513
2020-04-29,2.413,0.4161
2020-04-30,2.437,0.9946
2020-05-06,2.457,0.8207
2020-05-07,2.469,0.4884
2020-05-08,2.501,1.2961
2020-05-11,2.493,-0.3199
2020-05-12,2.52,1.083
2020-05-13,2.544,0.9524
2020-05-14,2.517,-1.0613
2020-05-15,2.505,-0.4768
2020-05-18,2.527,0.8782
2020-05-19,2.561,1.3455
2020-05-20,2.523,-1.4838
2020-05-21,2.496,-1.0702
2020-05-22,2.45,-1.8429
2020-05-25,2.471,0.8571
2020-05-26,2.517,1.8616
2020-05-27,2.494,-0.9138
2020-05-28,2.496,0.0802
2020-05-29,2.544,1.9231
2020-06-01,2.618,2.9088
2020-06-02,2.583,-1.3369
2020-06-03,2.589,0.2323
2020-06-04,2.593,0.1545
2020-06-05,2.597,0.1543
2020-06-08,2.599,0.077
2020-06-09,2.612,0.5002
2020-06-10,2.631,0.7274
2020-06-11,2.634,0.114
2020-06-12,2.64,0.2278
2020-06-15,2.623,-0.6439
2020-06-16,2.672,1.8681
2020-06-17,2.668,-0.1497
2020-06-18,2.669,0.0375
2020-06-19,2.701,1.199
2020-06-22,2.69,-0.4073
2020-06-23,2.711,0.7807
2020-06-24,2.716,0.1844
2020-06-29,2.715,-0.0368
2020-06-30,2.769,1.989
2020-07-01,2.82,1.8418
2020-07-02,2.842,0.7801
2020-07-03,2.881,1.3723
2020-07-06,2.966,2.9504
2020-07-07,3.014,1.6183
2020-07-08,3.063,1.6257
2020-07-09,3.134,2.318
2020-07-10,3.111,-0.7339
2020-07-13,3.181,2.2501
2020-07-14,3.139,-1.3203
2020-07-15,3.116,-0.7327
2020-07-16,2.981,-4.3325
2020-07-17,3.023,1.4089
2020-07-20,3.1,2.5471
2020-07-21,3.138,1.2258
2020-07-22,3.161,0.733
2020-07-23,3.161,0.0
2020-07-24,3.003,-4.9984
2020-07-27,3.029,0.8658
2020-07-28,3.07,1.3536
2020-07-29,3.168,3.1922
2020-07-30,3.155,-0.4104
2020-07-31,3.185,0.9509
2020-08-03,3.268,2.606
2020-08-04,3.259,-0.2754
2020-08-05,3.296,1.1353
2020-08-06,3.31,0.4248
2020-08-07,3.313,0.0906
2020-08-10,3.302,-0.332
2020-08-11,3.265,-1.1205
2020-08-12,3.21,-1.6845
2020-08-13,3.226,0.4984
2020-08-14,3.28,1.6739
2020-08-17,3.328,1.4634
2020-08-18,3.349,0.631
2020-08-19,3.296,-1.5826
2020-08-20,3.249,-1.426
2020-08-21,3.293,1.3543
2020-08-24,3.37,2.34
2020-08-25,3.35,-0.59
2020-08-26,3.309,-1.22
2020-08-27,3.35,1.24
2020-08-28,3.419,2.06
2020-08-31,3.396,-0.67
2020-09-01,3.433,1.09
2020-09-02,3.419,-0.41
2020-09-03,3.384,-1.02
2020-09-04,3.363,-0.62
2020-09-07,3.277,-2.56
2020-09-08,3.279,0.06
2020-09-09,3.174,-3.2
2020-09-10,3.169,-0.16
2020-09-11,3.228,1.86
2020-09-14,3.261,1.02
2020-09-15,3.289,0.86
2020-09-16,3.276,-0.4
2020-09-17,3.294,0.55
2020-09-18,3.329,1.06
2020-09-21,3.295,-1.02
2020-09-22,3.25,-1.37
2020-09-23,3.275,0.77
2020-09-24,3.188,-2.66
2020-09-25,3.185,-0.09
2020-09-28,3.184,-0.03
2020-09-29,3.208,0.75
2020-09-30,3.213,0.16
2020-10-09,3.299,2.68
2020-10-12,3.387,2.67
2020-10-13,3.403,0.47
2020-10-14,3.385,-0.53
2020-10-15,3.365,-0.59
2020-10-16,3.328,-1.1
2020-10-19,3.305,-0.69
2020-10-20,3.346,1.24
2020-10-21,3.333,-0.39
2020-10-22,3.303,-0.9
2020-10-23,3.249,-1.63
2020-10-26,3.302,1.63
2020-10-27,3.335,1.0
2020-10-28,3.409,2.22
2020-10-29,3.448,1.14
2020-10-30,3.407,-1.19
2020-11-02,3.49,2.44
2020-11-03,3.512,0.63
2020-11-04,3.545,0.94
2020-11-05,3.591,1.3
2020-11-06,3.583,-0.22
2020-11-09,3.629,1.28
2020-11-10,3.614,-0.41
2020-11-11,3.557,-1.58
2020-11-12,3.579,0.62
2020-11-13,3.558,-0.59
2020-11-16,3.586,0.79
2020-11-17,3.577,-0.25
2020-11-18,3.561,-0.45
2020-11-19,3.594,0.93
2020-11-20,3.611,0.47
2020-11-23,3.63,0.53
2020-11-24,3.604,-0.72
2020-11-25,3.548,-1.55
2020-11-26,3.528,-0.56
2020-11-27,3.554,0.74
2020-11-30,3.548,-0.17
2020-12-01,3.614,1.86
2020-12-02,3.616,0.06
2020-12-03,3.626,0.28
2020-12-04,3.651,0.69
2020-12-07,3.64,-0.3
2020-12-08,3.636,-0.11
2020-12-09,3.581,-1.51
2020-12-10,3.593,0.34
2020-12-11,3.563,-0.83
2020-12-14,3.602,1.09
2020-12-15,3.629,0.75
2020-12-16,3.63,0.03
2020-12-17,3.643,0.36
2020-12-18,3.619,-0.66
2020-12-21,3.667,1.33
2020-12-22,3.598,-1.88
2020-12-23,3.637,1.08
2020-12-24,3.634,-0.08
2020-12-25,3.653,0.52
2020-12-28,3.655,0.05
2020-12-29,3.643,-0.33
2020-12-30,3.682,1.07
2020-12-31,3.75,1.85
2021-01-04,3.806,1.49
2021-01-05,3.897,2.39
2021-01-06,3.906,0.23
2021-01-07,3.956,1.28
2021-01-08,3.965,0.23
2021-01-11,3.966,0.03
2021-01-12,4.048,2.07
2021-01-13,4.02,-0.69
2021-01-14,3.954,-1.64
2021-01-15,3.96,0.15
2021-01-18,3.997,0.93
2021-01-19,3.943,-1.35
2021-01-20,3.987,1.12
2021-01-21,4.052,1.63
2021-01-22,4.076,0.59
2021-01-25,4.088,0.29
2021-01-26,3.986,-2.5
2021-01-27,4.02,0.85
2021-01-28,3.9,-2.99
2021-01-29,3.874,-0.67
2021-02-01,3.936,1.6
2021-02-02,4.014,1.98
2021-02-03,3.987,-0.67
2021-02-04,3.966,-0.53
2021-02-05,3.965,-0.03
2021-02-08,4.019,1.36
2021-02-09,4.106,2.16
2021-02-10,4.132,0.63
2021-02-18,4.105,-0.65
2021-02-19,4.109,0.1
2021-02-22,3.992,-2.85
2021-02-23,4.021,0.73
2021-02-24,3.98,-1.02
2021-02-25,3.982,0.05
2021-02-26,3.892,-2.26
2021-03-01,3.956,1.64
2021-03-02,3.942,-0.35
2021-03-03,3.991,1.24
2021-03-04,3.893,-2.46
2021-03-05,3.892,-0.03
2021-03-08,3.809,-2.13
2021-03-09,3.726,-2.18
2021-03-10,3.712,-0.38
2021-03-11,3.785,1.97
2021-03-12,3.784,-0.03
2021-03-15,3.718,-1.74
2021-03-16,3.735,0.46
2021-03-17,3.773,1.02
2021-03-18,3.786,0.34
2021-03-19,3.706,-2.11
2021-03-22,3.762,1.51
2021-03-23,3.753,-0.24
2021-03-24,3.694,-1.57
2021-03-25,3.719,0.68
2021-03-26,3.794,2.02
2021-03-29,3.797,0.08
2021-03-30,3.799,0.05
2021-03-31,3.8,0.03
2021-04-01,3.83,0.79
2021-04-02,3.837,0.18
2021-04-06,3.843,0.16
2021-04-07,3.82,-0.6
2021-04-08,3.814,-0.16
2021-04-09,3.791,-0.6
2021-04-12,3.709,-2.16
2021-04-13,3.699,-0.27
2021-04-14,3.731,0.87
2021-04-15,3.714,-0.46
2021-04-16,3.732,0.48
2021-04-19,3.798,1.77
2021-04-20,3.835,0.97
2021-04-21,3.877,1.1
2021-04-22,3.881,0.1
2021-04-23,3.904,0.59
2021-04-26,3.917,0.33
2021-04-27,3.936,0.49
2021-04-28,3.954,0.46
2021-04-29,3.947,-0.18
2021-04-30,3.949,0.05
2021-05-06,3.93,-0.48
2021-05-07,3.868,-1.58
2021-05-10,3.859,-0.23
2021-05-11,3.842,-0.44
2021-05-12,3.849,0.18
2021-05-13,3.82,-0.75
2021-05-14,3.87,1.31
2021-05-17,3.925,1.42
2021-05-18,3.934,0.23
2021-05-19,3.891,-1.09
2021-05-20,3.902,0.28
2021-05-21,3.878,-0.62
2021-05-24,3.907,0.75
2021-05-25,3.989,2.1
2021-05-26,4.022,0.83
2021-05-27,4.034,0.3
2021-05-28,4.014,-0.5
2021-05-31,4.027,0.32
2021-06-01,4.027,0.0
2021-06-02,3.985,-1.04
2021-06-03,3.963,-0.55
2021-06-04,3.995,0.81
2021-06-07,4.0,0.13
2021-06-08,3.969,-0.78
2021-06-09,3.96,-0.23
2021-06-10,3.964,0.1
2021-06-11,3.932,-0.81
2021-06-15,3.895,-0.94
2021-06-16,3.848,-1.21
2021-06-17,3.845,-0.08
2021-06-18,3.834,-0.29
2021-06-21,3.832,-0.05
2021-06-22,3.864,0.84
2021-06-23,3.908,1.14
2021-06-24,3.905,-0.08
2021-06-25,3.93,0.64
2021-06-28,3.923,-0.18
2021-06-29,3.92,-0.08
2021-06-30,3.954,0.87
2021-07-01,3.973,0.48
2021-07-02,3.872,-2.54
2021-07-05,3.876,0.1
2021-07-06,3.867,-0.23
2021-07-07,3.903,0.93
2021-07-08,3.86,-1.1
2021-07-09,3.849,-0.28
2021-07-12,3.887,0.99
2021-07-13,3.934,1.21
